{
    "id": 1,
    "name": "Linux Quiz",
    "description": "Linux Quiz",
    "questions": [
        {
            "id": 1010,
            "name": "What command is used to remove files?",
            "questionTypeId": 1,
            "options": [
                {
                    "id": 1055,
                    "questionId": 1010,
                    "name": "delete",
                    "isAnswer": false
                },
                {
                    "id": 1056,
                    "questionId": 1010,
                    "name": "rm",
                    "isAnswer": true
                },
                {
                    "id": 1057,
                    "questionId": 1010,
                    "name": "erase",
                    "isAnswer": false
                },
                {
                    "id": 1058,
                    "questionId": 1010,
                    "name": "None of the above",
                    "isAnswer": false
                }
            ],
            "questionType": {
                "id": 1,
                "name": "Multiple Choice",
                "isActive": true
            }
        },
        {
            "id": 1011,
            "name": "What command is used to remove the directory?",
            "questionTypeId": 1,
            "options": [
                {
                    "id": 1055,
                    "questionId": 1010,
                    "name": "rdir",
                    "isAnswer": false
                },
                {
                    "id": 1057,
                    "questionId": 1010,
                    "name": "remove",
                    "isAnswer": false
                },
                {
                    "id": 1056,
                    "questionId": 1010,
                    "name": "rmdir",
                    "isAnswer": true
                },
                {
                    "id": 1058,
                    "questionId": 1010,
                    "name": "rd",
                    "isAnswer": false
                }
            ],
            "questionType": {
                "id": 1,
                "name": "Multiple Choice",
                "isActive": true
            }
        },
        {
            "id": 1012,
            "name": "Core of Linux operating system is",
            "questionTypeId": 1,
            "options": [
                {
                    "id": 1055,
                    "questionId": 1010,
                    "name": "Kernel",
                    "isAnswer": true
                },
                {
                    "id": 1057,
                    "questionId": 1010,
                    "name": "Shell",
                    "isAnswer": false
                },
                {
                    "id": 1056,
                    "questionId": 1010,
                    "name": "Terminal",
                    "isAnswer": false
                },
                {
                    "id": 1058,
                    "questionId": 1010,
                    "name": "Command",
                    "isAnswer": false
                }
            ],
            "questionType": {
                "id": 1,
                "name": "Multiple Choice",
                "isActive": true
            }
        },
        {
            "id": 1013,
            "name": "Which one provide command interpreter environment?",
            "questionTypeId": 1,
            "options": [
                {
                    "id": 1055,
                    "questionId": 1010,
                    "name": "Shell",
                    "isAnswer": true
                },
                {
                    "id": 1057,
                    "questionId": 1010,
                    "name": "Kernel",
                    "isAnswer": false
                },
                {
                    "id": 1056,
                    "questionId": 1010,
                    "name": "CPU",
                    "isAnswer": false
                },
                {
                    "id": 1058,
                    "questionId": 1010,
                    "name": "None of the above",
                    "isAnswer": false
                }
            ],
            "questionType": {
                "id": 1,
                "name": "Multiple Choice",
                "isActive": true
            }
        },
        {
            "id": 1014,
            "name": "Which directory contains configuration files in Linux?",
            "questionTypeId": 1,
            "options": [
                {
                    "id": 1055,
                    "questionId": 1010,
                    "name": "/bin/",
                    "isAnswer": false
                },
                {
                    "id": 1057,
                    "questionId": 1010,
                    "name": "/dev/",
                    "isAnswer": false
                },
                {
                    "id": 1056,
                    "questionId": 1010,
                    "name": "/root/",
                    "isAnswer": false
                },
                {
                    "id": 1058,
                    "questionId": 1010,
                    "name": "/etc/",
                    "isAnswer": true
                }
            ],
            "questionType": {
                "id": 1,
                "name": "Multiple Choice",
                "isActive": true
            }
        },
        {
            "id": 1015,
            "name": " Process which terminates before the parent process exits is known as",
            "questionTypeId": 1,
            "options": [
                {
                    "id": 1055,
                    "questionId": 1010,
                    "name": "Orphan",
                    "isAnswer": false
                },
                {
                    "id": 1057,
                    "questionId": 1010,
                    "name": "Child",
                    "isAnswer": false
                },
                {
                    "id": 1056,
                    "questionId": 1010,
                    "name": "Zombie",
                    "isAnswer": true
                },
                {
                    "id": 1058,
                    "questionId": 1010,
                    "name": "None of the above",
                    "isAnswer": false
                }
            ],
            "questionType": {
                "id": 1,
                "name": "Multiple Choice",
                "isActive": true
            }
        },
        {
            "id": 1016,
            "name": "What is maximum filename size in Linux in bytes?",
            "questionTypeId": 1,
            "options": [
                {
                    "id": 1055,
                    "questionId": 1010,
                    "name": "32",
                    "isAnswer": false
                },
                {
                    "id": 1056,
                    "questionId": 1010,
                    "name": "255",
                    "isAnswer": true
                },
                {
                    "id": 1057,
                    "questionId": 1010,
                    "name": "64",
                    "isAnswer": false
                },
                {
                    "id": 1058,
                    "questionId": 1010,
                    "name": "18",
                    "isAnswer": false
                }
            ],
            "questionType": {
                "id": 1,
                "name": "Multiple Choice",
                "isActive": true
            }
        },
        {
            "id": 1017,
            "name": "Which command is used to check Linux version?",
            "questionTypeId": 1,
            "options": [
                {
                    "id": 1055,
                    "questionId": 1010,
                    "name": "uname -n",
                    "isAnswer": false
                },
                {
                    "id": 1056,
                    "questionId": 1010,
                    "name": "uname -a",
                    "isAnswer": true
                },
                {
                    "id": 1057,
                    "questionId": 1010,
                    "name": "uname -s",
                    "isAnswer": false
                },
                {
                    "id": 1058,
                    "questionId": 1010,
                    "name": "uname -p",
                    "isAnswer": false
                }
            ],
            "questionType": {
                "id": 1,
                "name": "Multiple Choice",
                "isActive": true
            }
        },
        {
            "id": 1018,
            "name": "Command to create file in Linux is ______",
            "questionTypeId": 1,
            "options": [
                {
                    "id": 1055,
                    "questionId": 1010,
                    "name": "touch",
                    "isAnswer": false
                },
                {
                    "id": 1057,
                    "questionId": 1010,
                    "name": "cat",
                    "isAnswer": false
                },
                {
                    "id": 1056,
                    "questionId": 1010,
                    "name": "All the above",
                    "isAnswer": true
                },
                {
                    "id": 1058,
                    "questionId": 1010,
                    "name": "echo",
                    "isAnswer": false
                }
            ],
            "questionType": {
                "id": 1,
                "name": "Multiple Choice",
                "isActive": true
            }
        },
        {
            "id": 1019,
            "name": "Linux operating system supports",
            "questionTypeId": 1,
            "options": [
                {
                    "id": 1055,
                    "questionId": 1010,
                    "name": "All of the below",
                    "isAnswer": true
                },
                {
                    "id": 1056,
                    "questionId": 1010,
                    "name": "Multi User",
                    "isAnswer": false
                },
                {
                    "id": 1057,
                    "questionId": 1010,
                    "name": "Multi Process",
                    "isAnswer": false
                },
                {
                    "id": 1058,
                    "questionId": 1010,
                    "name": "Multi-Tasking",
                    "isAnswer": false
                }
            ],
            "questionType": {
                "id": 1,
                "name": "Multiple Choice",
                "isActive": true
            }
        }
    ]
}